﻿{
  "assembly": [
    "MySqlConnector.dll",
    "MySqlWrapper.dll"
  ],
  "javascript": [],
  "css": [],
  "image": "Resources/PluginLogo.png",

  "name": "MySQL Database",
  "alias": "MySql",
  "provider": ".NET Framework Data Provider for MySQL",
  "providerShort": "MySqlConnector",
  "providerDesc": "A synchronous MySQL ADO.NET provider that supports MySQL Server, MariaDB and other MySql databases.",
  "description": "Use this selection to connect to MySQL Database.",

  "name_cn": "MySql数据库",
  "alias_cn": "MySql",
  "provider_cn": "MySql的.NET Framework数据提供程序。",
  "providerShort_cn": "MySqlConnector",
  "providerDesc_cn": "一个同步的MySQL ADO.NET 提供器, 支持MySQL服务器, MariaDB 等MySql数据库。",
  "description_cn": "使用此选择，可连接到MySql数据库。",

  "name_ja": "MySQL",
  "alias_ja": "MySql",
  "provider_ja": "MySqlConnector",
  "providerShort_ja": "MySqlConnector",
  "providerDesc_ja": "MySQL に接続するには、このデータ プロバイダーを使用します。",
  "description_ja": "MySqlConnector を使用して MySQL に接続するには、これを選択します。",

  "name_kr": "MySQL 데이터베이스",
  "alias_kr": "MySql",
  "provider_kr": "MySQL 데이터베이스용 .NET Framework 데이터 공급자",
  "providerShort_kr": "MySQL 데이터 공급자",
  "providerDesc_kr": "MySQL 데이터베이스, MariaDB 및 기타 MySQL 관련 데이터베이스를 지원하는 ADO.NET 공급자입니다.",
  "description_kr": "MySQL 데이터베이스를 사용하시려면 선택하세요.",

  "pluginType": "database",
  "guid": "6f9b2f11-4f6a-43db-9b65-bbd46872e09d",
  "version": "9.0.200.0",
  "isDefault": "false",
  "dBConnectionString": "Data Source=ericxu-test-dbserver;DataBase=ericxu-new-ut;User Id=ericxu;Password=xA1234567;SslMode=none;",
  "dependenceVersion": "9.0.200.0"
}